0.08389079899565849,-0.17437125683640237,0.0147836285287776,-0.021266870369208747,-0.07163510311806319,0.018039563571040848,0.05511007984857878,0.09276564770203918,0.00037944409487343424,0.004656751295060865,-0.09341408142767617,-0.020226238606855955,0.015305088898393576,0.025488455226436137,-0.055435179420241294,-0.09430263865787915,0.027524285442608012,0.1332162562497009,-0.03855997463493201,-0.08530448787568966,-0.08417723307497169,-0.05818293236040205,0.06789550156529059,-0.19931945447685143,-0.12256188045557762,-0.025023441216153533,0.16184156271851782,0.060507342727723235,0.008782379617231916,-0.07499028791683678,0.2342440193730202,0.29549258786202914,0.10946085547394112,-0.054130680724102674,0.16706337171099755,-0.28482287831941355,0.10364254891679699,-0.037832368879435224,-0.14423075434800695,0.00659865458969874,0.03618156566164716,0.1171449382591889,0.15865495003708074,0.1456825302352791,0.026196110775358702,-0.09990003019914015,0.0011731057604052603,0.10963254771691266,-0.08226711567346699,0.07576626862879528,0.0640266434811681,-0.2070060931281894,-0.10402193387891866,-0.014659044292932645,-0.131802918175894,-0.0037170605136077773,-0.2799032887219266,-0.13081361303495048,0.06508620057262601,0.018681941800088163,0.09728183728863521,0.0634209852763652,-0.07573475402027738,-0.09109579469923718,0.04870963036903542,-0.02001220333754597,0.04337442141396673,-0.021361395626927134,-0.37787110340476093,0.08448178719000864,-0.16452802881730086,0.09016968425627941,0.03829980626574288,0.016827140315470425,-0.11131720903545891,-0.06459107307845714,-0.029316469904509992,-0.16498863072816683,0.011013839447926749,0.02131875146411221,0.07969579374573746,0.12959473288400072,0.01690339430101731,0.024420087929153997,-0.19813976435087666,-0.009346314446339201,-0.026091600029620663,-0.011031797333071816,0.07763957145871914,-0.05178567412727726,-0.013722099556435021,-0.008278990339184021,-0.0016028042205637055,0.29667191446714813,0.07853765344237465,-0.04128138512878249,-0.05887369822523868,0.040313632992302464,-0.09152096018178714,0.1530067150455956
0.08389079899565849,-0.11596322039168949,0.10139867570338318,0.03742134400627095,-0.014454286436114707,0.09105188776254966,-0.040152884075664044,0.029947596552453513,-0.07575368228267647,0.03863742111432058,-0.03204390835157879,0.01933394409214762,-0.019658364280291475,-0.015320731002066263,-0.005541032252177916,-0.059592423568455344,0.023517300433606638,0.1566311519458113,0.06705929617830796,-0.16101347542720346,0.16956815685705065,-0.13830283552533323,0.11789274381609052,-0.05553524151282063,0.1346594626802813,0.014647349463650025,-0.14406129270807017,-0.13882014053369812,-0.3102498997678954,0.011634143870087672,0.1831542041161921,0.11094668890115518,0.09541066068572378,-0.054130680724102674,0.012279104293702627,-0.04692555829273268,-0.013855858056030738,-0.06995405206002796,-0.051575718543503506,0.00659865458969874,0.154489564051989,0.11120319410274468,-0.005556590231434417,0.1371632629323692,0.028356678744314794,-0.005874028277834937,-0.027437314601156032,0.07343462580282074,-0.2462041026450193,0.07576626862879528,0.0640266434811681,-0.18753768150024008,0.13330650364511243,-0.07350086142232733,-0.030922146462758274,-0.0037170605136077773,0.11459732729081296,0.008891628668445777,0.06508620057262601,0.047551852984700306,-0.01940467336038152,0.17908626125102312,-0.19710506787482282,0.004356583870159624,-0.12318291782389097,0.025147145705862795,0.044585798540129284,-0.021361395626927134,0.0781888845602864,-0.03683993736400697,-0.19144442717194537,0.09016968425627941,0.052187661299625696,-0.07435269153932439,-0.11131720903545891,0.03327633987800226,-0.0351286149325939,-0.05125653204246469,0.009028639969979064,-0.03626999935845415,-0.00682942854215895,0.14329493786873632,0.01690339430101731,0.21545237225227523,-0.1746703446464536,0.027178670694971964,0.07540640804971621,0.048467742776064984,0.07763957145871914,-0.007783835067830744,-0.055201727728538166,-0.052029375250571025,0.05490809871001658,0.02671292598721619,0.07853765344237465,0.03467500043106349,0.16277466993305123,0.018522655859482803,-0.15961685013884475,-0.1415593861398018
-0.05352696115687718,0.04791500870468632,0.0002026207786974439,0.02729841483327293,0.003971004846802864,0.01028854850079973,-0.042107743713510865,-0.06757969456237622,-0.013253788847498268,-0.03863742111432058,-0.11641705036095344,0.01933394409214762,-0.015305867991206482,0.011911270101753304,-0.036819568304711316,0.10490003330665197,-0.0290648999684844,0.1638263437634313,0.016830284005851827,0.09574448866991671,-0.141934545979747,0.11210600857527876,0.10598535245051069,-0.05106941800518917,0.1346594626802813,0.05689477282072167,-0.1787192011493348,-0.04896877613490355,-0.011509637562616382,0.07602983874835294,0.07584817749861404,0.0997407791598846,0.1395956032171698,-0.002702576543974322,0.09254537809024352,-0.05470602497077451,-0.14539228657584027,0.03603650764698306,0.1672050484102796,-0.05068785245227833,-0.06929418968962217,0.10912598044383062,-0.20351984256059724,-0.1456825302352791,-0.03312529938181549,-0.01928539656819083,0.12104189205261814,-0.0008935354184902433,0.092089168638482,-0.0755269514929849,-0.05445537305435046,0.04766647462554993,0.3462440219354261,0.04077433067529056,0.131802918175894,-0.0037170605136077773,-0.06695326199092083,0.02605078768061725,-0.001242326031745981,-0.01531305657123747,-0.09781626240113256,0.2826572745322841,0.05144153823559873,-0.0663713121948138,0.3058103607970638,0.05095995519589816,-0.01743886582701436,0.044984412402054606,-0.14836749115728376,-0.09797552240494946,0.15587318414918452,-0.06106216332209831,0.007226806645493453,-0.049960154835591596,0.11131720903545891,-0.03617498334953922,-0.07387877906139713,0.1008094230826189,0.0030021938015302252,0.08909027390384489,-0.07872853495415383,-0.12959473288400072,-0.013253421443279845,0.039494460105867185,0.1083874655432834,0.027178670694971964,0.07008581810585483,-0.05043412707345321,0.0005498018856123082,0.05178567412727726,0.013722099556435021,0.0011152090306207132,-0.0016028042205637055,0.13354399712794635,-0.07853765344237465,0.052291016542669155,0.03395128319599823,0.19652186271600375,0.09152096018178714,-0.1348146234716981
-0.1315043071064944,0.08479599858436801,0.0147836285287776,-0.027468398309457354,-0.004054133702689949,-0.09570273112650096,0.05511007984857878,-0.15564392159816537,0.03627752769963248,0.03863742111432058,0.07445447752469893,-0.03813166082293568,0.015305088898393576,-0.015320731002066263,0.07916199563960995,0.08842081088441629,0.027524285442608012,-0.17785769931454415,-0.012155509191543505,0.17145347622143048,-0.11773225376137145,0.11413891806887479,-0.108650240729607,-0.11251791925423121,-0.12819790657677413,-0.029207045748875914,0.11412519523354128,-0.10555375743131079,0.008782379617231916,-0.06923056931666312,-0.08114694567555501,-0.09757184058111727,-0.17845932102974227,-0.011630760072676313,0.052924556475736156,0.021950115387273567,0.11825630371358879,-0.030101894077977077,0.04587985440086006,0.00659865458969874,-0.08466343941647711,0.20634250551631464,-0.0487040260198299,-0.1371632629323692,0.026196110775358702,0.01928539656819083,-0.0008007407294629704,0.055004714491504444,0.21099282139994718,0.07576626862879528,-0.07323309600945271,-0.04766647462554993,-0.08712303496186853,-0.03289648001048309,0.030922146462758274,0.018300472771315093,-0.08886288291012895,0.005457610281742808,0.027178378302668102,-0.01812548587201656,0.09582946135298806,-0.2826572745322841,-0.07573475402027738,0.07947314541847668,0.0763413944500174,-0.024132974267823577,-0.0540418883475917,-0.02128115428104122,-0.0781888845602864,0.14561737223095111,0.17225399259193422,-0.047345293168682856,0.1356394850574002,0.045466610637366685,-0.11131720903545891,0.029260920437848066,0.11748432400189375,-0.012922675603083257,-0.27880017304676485,-0.08909027390384489,0.13225388486723827,-0.2523037348556107,0.010796932851459853,-0.20200562153671442,0.13195236980615388,-0.027178670694971964,-0.018419917036828454,0.05043412707345321,-0.00875952338242237,-0.05178567412727726,0.013722099556435021,-0.0011152090306207132,0.0016028042205637055,-0.13250290890853775,0.07853765344237465,-0.05776977744055588,-0.041818044867567836,0.023330764883926783,0.0898661505103887,0.1348146234716981
0.14060586834383573,-0.14320403502908086,-0.016613475677313395,-0.03222726587520756,0.014371157580227622,0.018039563571040848,0.05315522021073196,0.16437230604638312,-0.022644294757260777,-0.03863742111432058,-0.051451508591421655,-0.0014285218760678921,0.01965758518747857,0.028897916126749097,-0.08934761613294843,-0.11229345728678332,0.0290648999684844,0.1332162562497009,-0.062384521363999634,-0.08530448787568966,-0.10859327046880854,-0.11605084309973997,0.07151099844919323,-0.31206210939355383,-0.12256188045557762,-0.01596695667777185,0.20146152315048457,0.09209042623734479,0.008782379617231916,-0.07579661517894402,0.20870255579276353,0.2630323733371332,0.17104060391613832,0.011630760072676313,0.16706337171099755,-0.2920135407940414,0.07254513107972062,0.06815819082757579,-0.14423075434800695,0.0631859065375591,-0.03443837160078098,0.027359174260575075,0.20687784532302445,0.1456825302352791,-0.028356678744314794,-0.11331139848949605,0.0008007407294629704,-0.018806792577412513,-0.08226711567346699,0.07576626862879528,0.18971935981455418,-0.16337831095640581,-0.1477866306631017,0.013482620477460674,-0.131802918175894,-0.018300472771315093,-0.28151403122489405,-0.1632933227913661,0.039150148301703894,-0.010744425312595578,0.09728183728863521,0.09024768688903292,0.02733449109880615,-0.06145201295557982,0.04870963036903542,-0.021026374775585187,0.05283051122142915,-0.04506465374794052,-0.37787110340476093,0.03683993736400697,-0.16452802881730086,0.047345293168682856,-0.002031257835111787,-0.05583091895271238,-0.11131720903545891,-0.03617498334953922,-0.09530238481486447,-0.1008094230826189,0.05208874905018617,0.08909027390384489,0.10517322996826223,0.057144854518314026,-0.013253421443279845,0.024420087929153997,-0.1356949568057973,-0.009346314446339201,-0.0052531776817300625,0.014651763803330484,0.049315843926811265,0.007783835067830744,-0.013722099556435021,-0.07069430503618193,-0.0016028042205637055,0.3137027444457884,0.07853765344237465,-0.018186608119290102,-0.17983032329072207,0.002149771828903026,-0.09152096018178714,0.13874472639914476
-0.07478923775831717,0.1369304184019648,-0.0016272263698383525,0.020259420560023535,-0.08203525585148795,-0.09570273112650096,0.10743231232936754,-0.08403726325382144,0.03627752769963248,0.004656751295060865,-0.032921633417952983,0.12050431002688028,0.015305088898393576,0.025488455226436137,0.15937963869832897,0.05114447112260401,0.025520792938107325,-0.15444280361843377,-0.04481696691082944,0.04005374831910699,0.08117340476696625,0.05366924680673639,-0.13216101256975515,0.12421616679650402,-0.10007540428388376,-0.011575639486868718,-0.1787192011493348,-0.07397067392168924,-0.011509637562616382,0.023457521898546694,-0.0906208863299064,-0.2942162317464613,-0.1483014759279165,0.03979734410745204,-0.3253762428704568,0.28423307411599963,-0.05747550395856679,-0.06222357725856981,0.05156178239521781,0.00659865458969874,-0.15528337667890524,0.12249848567414504,-0.16469267100240131,-0.1456825302352791,0.026196110775358702,0.12001519278862656,0.027809679632098322,-0.01725316366103326,0.1174783969185391,0.07576626862879528,0.03162916822673099,0.0119080744234965,-0.13884871388882575,-0.06359663236948446,0.030922146462758274,0.018300472771315093,0.2573903293471775,0.19203729680999548,0.027178378302668102,0.010744425312595578,-0.020857049296028662,-0.20719077222139476,0.05144153823559873,-0.05202149807671382,0.004265167781034529,0.03226986264683096,-0.0540418883475917,-0.02128115428104122,0.37787110340476093,0.07438744629380724,0.15587318414918452,-0.07620313350157391,0.002031257835111787,0.04840199269592708,-0.11131720903545891,-0.06860649251861133,0.0789325906559191,0.003472522728893203,0.008763021146156666,-0.03150152308127853,0.05234395544785684,-0.042757310107608804,0.010796932851459853,-0.20200562153671442,0.19648153715847616,-0.14907682725082239,0.18004433264642591,-0.01299818163046005,-0.0452929724111403,-0.029784754597554003,0.013722099556435021,-0.02252493549179904,-0.05490809871001658,-0.24570890209685406,0.07853765344237465,-0.05695678132458176,-0.17064143160462086,0.04841972808169302,0.021770260553331103,-0.1177379750845902
-0.06262852239421851,-0.007023100814536172,-0.10139867570338318,0.028305864642458142,0.004054133702689949,-0.05807293232675778,0.09247511655645281,-0.004761643412790562,0.039855598677917416,-0.03863742111432058,-0.07445447752469893,0.15720744897374805,0.019658364280291475,0.015320731002066263,-0.07916199563960995,0.08947533935013628,-0.025520792938107325,0.17785769931454415,-0.07331628845420539,0.02961374752487994,-0.16635058337358385,0.19673959729387563,0.06618800313762382,-0.05106941800518917,-0.10090093426619443,0.032905449447618584,-0.1715254256759557,0.1638220383204838,0.2899578825880471,0.0693012865753659,0.09105478706021562,0.03660295827233941,0.14853860130924443,0.011630760072676313,-0.0005638322997769648,-0.021950115387273567,-0.11825630371358879,0.030101894077977077,0.06884021231484702,-0.00659865458969874,-0.18680837545304776,0.10912598044383062,-0.19748212159527667,-0.1456825302352791,-0.028356678744314794,0.0008297660212955721,0.12104189205261814,-0.02087707564618579,0.092089168638482,-0.07576626862879528,-0.033624920957148106,0.08777261204664702,0.09853583036955998,0.03289648001048309,0.030922146462758274,-0.018300472771315093,-0.06856400449388828,0.005155892930659552,-0.027178378302668102,-0.04473942368392121,-0.09582946135298806,0.08896987753132901,0.24550533079629402,-0.07947314541847668,0.3027437234089656,0.009563652649033989,-0.0091941531457145,0.02128115428104122,-0.14836749115728376,0.026745596467805572,0.17506361872919568,-0.07502871407680381,-0.18060033971153244,0.04864860327598852,0.11131720903545891,-0.029260920437848066,-0.11748432400189375,0.06765173037444117,0.25147567787014,0.08909027390384489,-0.046898696141931706,0.06625148687926563,-0.010796932851459853,-0.16498457493281488,0.09986953903939472,-0.1312444710021896,0.052916955250375694,-0.05043412707345321,0.00875952338242237,0.029784754597554003,0.055201727728538166,0.037783430097956,-0.0016028042205637055,0.11173759831479083,-0.07853765344237465,-0.017373612003315986,-0.17983032329072207,0.23971224346657954,0.09152096018178714,-0.1348146234716981
0.06262852239421851,-0.16215269436851953,-0.07000157149729218,-0.028305864642458142,-0.08203525585148795,-0.014939391864751031,0.10743231232936754,0.12166936126374417,0.09877742113481068,0.004656751295060865,-0.06861456026390347,-0.03813166082293568,0.015305088898393576,0.011911270101753304,-0.1175307929961434,-0.08060517601775379,-0.02706140746398371,0.1638263437634313,-0.04481696691082944,-0.0683660310283282,-0.07067518388259622,0.014131689236127745,0.059907617974624884,0.04144884297465177,-0.10007540428388376,-0.012895246700990536,0.15215769976107996,0.2348329282023589,0.2872306246426627,-0.010898533866683206,0.11659625064047231,0.27446977070871253,0.08695885286704723,-0.011630760072676313,0.16706337171099755,-0.28482287831941355,0.0449532758931071,-0.06995405206002796,-0.15261651038052748,-0.0631859065375591,0.06850037706270592,-0.08043156315875202,0.19748212159527667,0.1371632629323692,0.026196110775358702,-0.09277464883068048,0.0011731057604052603,0.057074997560277715,-0.05687788739340989,-0.0755269514929849,-0.052459620323933344,-0.015429719174182989,-0.11198291602169284,0.053237047316741476,-0.131802918175894,0.018300472771315093,-0.27032123342870157,-0.13081361303495048,-0.039150148301703894,0.07360933486853335,0.016001183866032068,0.06214317591866128,0.09403582275573932,-0.05202149807671382,0.04870963036903542,-0.024132974267823577,0.007982776019551944,0.04506465374794052,-0.37787110340476093,0.07438744629380724,-0.17037324734815573,0.07502871407680381,-0.10067293234662296,0.14545258866784266,0.11131720903545891,-0.06860649251861133,-0.051498409091539285,-0.14859343239619038,0.22569442967299613,0.02131875146411221,-0.1040031964056724,0.31105340823656186,0.010796932851459853,0.024420087929153997,-0.2029151038551219,-0.027178670694971964,-0.13074186861115406,-0.07611768820985551,-0.049315843926811265,-0.029784754597554003,0.02775752861566812,0.07777646888023365,-0.05490809871001658,0.317437225060895,-0.07853765344237465,-0.05695678132458176,-0.041818044867567836,0.0654025961900687,-0.03009723898450207,0.15582137478625263
0.06262852239421851,0.007023100814536172,0.10139867570338318,0.030382349733021556,-0.07163510311806319,0.05807293232675778,-0.09247511655645281,0.004761643412790562,-0.039855598677917416,0.004656751295060865,-0.009918664484675713,0.0014285218760678921,-0.019658364280291475,0.025488455226436137,0.16238998234308258,-0.11401037067731842,0.025520792938107325,-0.17785769931454415,0.04691182301081688,-0.1779519322745649,0.35175419270954605,-0.19673959729387563,-0.0817108913871063,0.2813560857448233,0.10090093426619443,-0.02740223770077439,-0.14406129270807017,-0.1638220383204838,-0.2899578825880471,0.01746457972896413,-0.059780654572708716,-0.21858631282142396,-0.10456768680052923,-0.011630760072676313,-0.3777369670464161,0.3241796461741284,0.0007578967407610541,-0.030101894077977077,-0.06314434817220357,0.00659865458969874,0.18680837545304776,-0.1031842362873864,0.03327058132676151,0.1456825302352791,0.028356678744314794,0.11331139848949605,-0.09243147169105685,0.02087707564618579,-0.18560359311989005,0.07576626862879528,0.033624920957148106,-0.02819806299760059,-0.09853583036955998,-0.09173829713987777,-0.030922146462758274,0.018300472771315093,0.4052351614579697,0.18142379359759314,0.027178378302668102,0.04473942368392121,-0.0194403608498237,-0.01222556586273567,-0.19710506787482282,-0.03400036561381697,-0.3748199500779485,0.021026374775585187,0.0091941531457145,-0.02128115428104122,0.6044274791223311,-0.08788118150874806,-0.17506361872919568,0.07502871407680381,0.03327322003505697,-0.04864860327598852,-0.11131720903545891,-0.06860649251861133,0.10111452984294837,-0.06765173037444117,-0.004987393279477913,-0.03150152308127853,-0.026658830687752412,0.14329493786873632,0.010796932851459853,0.16498457493281488,-0.10630310573604045,0.009346314446339201,0.10754000922950895,-0.011031797333071816,-0.00875952338242237,-0.029784754597554003,-0.055201727728538166,-0.022524935491799042,-0.05490809871001658,-0.245708902096854,0.07853765344237465,0.017373612003315986,0.17983032329072207,-0.23971224346657954,-0.15128987170767377,-0.1177379750845902
-0.11934359174239575,-0.03472039569636729,0.0016272263698383525,-0.019421954227022746,0.004054133702689949,-0.05807293232675778,0.14479734903724156,-0.13918635290672016,-0.03627752769963248,-0.03863742111432058,-0.07445447752469893,-0.0014285218760678921,0.025981046688442117,0.028897916126749097,-0.10921794102208508,0.09869436890688273,0.025057914959483025,0.17066250749692413,-0.07957328073010282,0.1779519322745649,-0.3791740584113884,0.17708936539108283,0.05820011954695812,-0.4692020283418731,-0.07277843197330405,0.04503364396278159,0.13100283366435825,-0.0670885284505591,-0.008782379617231916,-0.08193099186593215,0.21972710478063995,0.21245601991467564,0.2147743930435256,-0.03979734410745204,0.31751014686315965,-0.2520669687359126,0.13077853177904847,0.030101894077977077,0.06884021231484702,0.0631859065375591,-0.11907045097336508,0.43261342421933413,-0.08149347661270523,-0.1456825302352791,-0.026196110775358702,-0.12001519278862656,0.12104189205261814,0.05138080250635191,0.22081487436496217,0.0755269514929849,-0.022000921388230364,-0.2034844483775029,0.1343395450109688,-0.02253689495774011,0.030922146462758274,-0.018300472771315093,-0.42935886333568624,-0.17390682600376844,0.039150148301703894,-0.04473942368392121,0.09785194989057475,0.0876920681736251,-0.05144153823559873,-0.07947314541847668,0.42472811083992024,-0.04683918426562055,0.003927483275729894,-0.04506465374794052,-0.6044274791223311,0.026745596467805572,0.16452802881730086,-0.04617087374391275,0.11422286222111426,-0.045466610637366685,-0.11131720903545891,-0.029260920437848066,-0.11748432400189375,0.08404692870641761,-0.28456100039139126,0.08909027390384489,0.17094543036684157,-0.33914115763200264,-0.010796932851459853,-0.16498457493281488,0.05923592400633797,-0.009346314446339201,-0.008763424671552566,0.01268537950594225,0.0858492929555292,0.05178567412727726,0.013722099556435021,-0.1440307471708525,-0.0016028042205637055,0.3552333656332822,0.07853765344237465,-0.017373612003315986,-0.02805102032921057,0.26480120666434576,0.08153917207921772,0.13874472639914476
-0.1315043071064944,-0.03819032262185768,-0.06817172434875637,0.031219816066022345,0.014371157580227622,-0.09570273112650096,0.10547745269152073,-0.1102826393450152,0.08514418819243898,-0.03863742111432058,-0.0456115913306262,0.12050431002688028,0.02598026759562921,0.011911270101753304,-0.03380922465995769,0.11764134174128212,-0.02706140746398371,0.14041144806732092,-0.06864151363989707,0.023115291471745528,-0.15543659517212247,0.24749206195674744,0.06352311485852752,-0.05751683631629025,-0.10007540428388376,0.0238489649092369,-0.21114538610792244,0.09377372583011061,0.307522641822511,0.0758673324376468,0.11659625064047231,0.03241011631404965,0.15340867262405924,-0.011630760072676313,0.004413008286405504,-0.014759452912645663,-0.07254513107972062,0.06815819082757579,0.06048232857889788,-0.05068785245227833,-0.08754545219922256,0.23503692280139324,-0.21291556628834502,-0.1371632629323692,-0.03312529938181549,0.0012513530906247267,0.12104189205261814,0.055004714491504444,0.1174783969185391,-0.0755269514929849,-0.15931763729053416,0.04766647462554993,0.14471929905280387,-0.005604769812653208,0.030922146462758274,0.018300472771315093,-0.07653531728414587,0.02605078768061725,-0.039150148301703894,-0.01812548587201656,-0.09785194989057475,0.08896987753132901,0.14243608567721053,0.00874524935350326,0.3058103607970638,0.006457053156795596,-0.040920251926147316,0.04506465374794052,-0.14836749115728376,0.08448178719000864,0.18278958250382904,-0.047345293168682856,-0.15918371687524646,0.07279452939965987,0.11131720903545891,-0.040190402789693415,-0.05169683987436785,0.0034725227288931997,0.1766078744243402,0.08909027390384489,-0.09868938223915608,0.05186394246856041,-0.0193598828928373,-0.15153782421725404,0.037424731494315355,-0.14907682725082239,0.03473265588200394,-0.048467742776064984,-0.049315843926811265,0.029784754597554003,0.055201727728538166,0.03778343009795601,-0.05490809871001658,0.11277868653419942,-0.07853765344237465,-0.04015376132895021,-0.018862128643109335,0.24340180304658965,0.09984793861295811,-0.13199996373104106
0.07478923775831717,-0.18311989237879484,-0.08498782080476723,0.038428793815456164,0.014454286436114707,0.02269040693499215,0.040152884075664044,0.1468553144034071,0.039855598677917416,-0.03863742111432058,-0.051451508591421655,0.15720744897374805,0.019658364280291475,0.015320731002066263,-0.07615165199485634,-0.08585468621202781,-0.023517300433606638,0.15444280361843377,-0.06705929617830796,-0.24408267341960166,0.10423020456899598,0.023848895835394332,0.07417588672828954,0.10607050094313011,-0.1290234365590848,-0.01596695667777185,-0.14655138019212893,0.2732981571831106,0.3102498997678954,0.0633790616644861,0.13180286020207388,0.05126399488859889,0.16235167071613388,-0.03979734410745204,-0.14603376686575664,0.017996456670855275,-0.060022903014260956,0.06222357725856981,-0.14423075434800695,-0.00659865458969874,0.036975378288563406,-0.11655674151770082,0.00048113073388618074,0.1456825302352791,-0.028356678744314794,0.014241134311651464,0.0008007407294629704,0.05345108557512519,-0.21099282139994718,-0.07576626862879528,-0.03162916822673099,0.08777261204664702,-0.1064407057779795,0.004754815240089775,-0.131802918175894,-0.018300472771315093,0.07928082761690392,0.005155892930659552,-0.027178378302668102,-0.010744425312595578,-0.0944127729067831,0.09024768688903292,0.16672930146188916,-0.06145201295557982,-0.0763413944500174,-0.016249156841001373,0.05283051122142915,0.02128115428104122,0.0781888845602864,0.03683993736400697,-0.1453375942372897,0.07620313350157391,-0.2968544597677584,0.04571322121742812,0.11131720903545891,-0.029260920437848066,-0.09530238481486447,-0.1008094230826189,0.48619874751311526,0.08909027390384489,-0.11941763454843478,0.4481499546188771,-0.010796932851459853,0.010973337213593184,-0.21143303035901057,-0.1312444710021896,-0.019587368166541292,-0.048467742776064984,0.0452929724111403,0.007783835067830744,0.02775752861566812,0.07445165116529129,-0.0016028042205637055,0.0909722877210439,-0.07853765344237465,-0.018186608119290102,-0.05100693655366907,-0.00153978775110712,-0.08153917207921772,-0.1348146234716981
-0.05352696115687718,0.04791500870468632,0.0002026207786974439,-0.03138979954220677,0.003971004846802864,0.01028854850079973,-0.042107743713510865,-0.06757969456237622,-0.013253788847498268,-0.03863742111432058,-0.11641705036095344,-0.13930202675766834,-0.015305867991206482,0.011911270101753304,-0.10910080237395188,0.10490003330665197,-0.0290648999684844,0.1638263437634313,0.016830284005851827,0.24408267341960166,-0.3547580210175515,0.11210600857527876,0.10598535245051069,-0.23488114920147107,0.1346594626802813,0.05689477282072167,0.13686751723469107,-0.04896877613490355,-0.011509637562616382,-0.010736027555977093,0.07584817749861404,0.3029784384925944,0.1395956032171698,-0.002702576543974322,0.4056425166669977,-0.32476945037754235,-0.027893879603012532,0.03603650764698306,0.1672050484102796,-0.05068785245227833,-0.06929418968962217,0.10912598044383062,-0.039308302292082105,-0.1456825302352791,-0.03312529938181549,-0.13342656107898246,0.12104189205261814,-0.0008935354184902433,0.22081487436496217,-0.0755269514929849,-0.05445537305435046,-0.0119080744234965,0.3462440219354261,0.09961614780468525,0.131802918175894,-0.0037170605136077773,-0.4277481208327188,-0.1423984280414084,-0.001242326031745981,-0.01531305657123747,0.01745355980167921,0.2826572745322841,0.003041275314127491,-0.0663713121948138,0.42779474822801844,0.02036992777127898,-0.01743886582701436,0.044984412402054606,-0.6044274791223311,-0.09797552240494946,0.15587318414918452,-0.06106216332209831,0.15455392632196893,-0.049960154835591596,0.11131720903545891,-0.03617498334953922,-0.07387877906139713,0.1008094230826189,-0.24348609078913186,0.08909027390384489,-0.005171008124469703,-0.33914115763200264,-0.013253421443279845,0.039494460105867185,0.1083874655432834,0.14907682725082239,-0.06089166817375591,-0.05043412707345321,0.0005498018856123082,0.05178567412727726,0.013722099556435021,-0.02130706688409954,-0.0016028042205637055,0.35627445385269085,-0.07853765344237465,0.052291016542669155,0.03395128319599823,0.19652186271600375,0.15128987170767377,0.13874472639914476
0.05352696115687718,-0.1369304184019648,0.0016272263698383525,-0.02729841483327293,-0.003971004846802864,0.06272377569070908,-0.10547745269152073,0.05885131011415847,-0.00037944409487343424,0.03863742111432058,0.08072412351500295,-0.13840973224296,-0.01965758518747857,-0.025488455226436137,-0.15937963869832897,-0.05114447112260401,-0.025520792938107325,0.15444280361843377,0.06864151363989707,-0.04005374831910699,-0.08117340476696625,-0.05366924680673639,0.1285455156858525,-0.011473511879801529,0.09443937816268724,0.011575639486868718,0.1787192011493348,0.04896877613490355,0.011509637562616382,-0.01769780329837303,0.0906208863299064,0.33303822680841433,0.11177237589140233,0.002702576543974322,0.3253762428704568,-0.28423307411599963,0.07208925875535858,-0.04376698244844121,-0.05993360227945265,-0.019096708674979507,0.187602188079964,-0.08637330731519624,0.20351984256059724,0.1456825302352791,0.03528586735077158,-0.1128898114201669,-0.027437314601156032,-0.03530438649560169,-0.092089168638482,-0.07576626862879528,-0.03162916822673099,-0.05553585659528008,0.13884871388882575,0.045359196651934004,-0.030922146462758274,0.0037170605136077773,-0.2573903293471775,-0.1910659850159399,-0.06508620057262601,0.01531305657123747,0.01940467336038152,0.18036407060872706,-0.05144153823559873,0.0663713121948138,-0.004265167781034529,-0.03639063357710857,0.018650242953176917,0.021361395626927134,-0.37787110340476093,-0.07438744629380724,-0.15587318414918452,0.06106216332209831,-0.007226806645493453,0.05289553689415199,0.11131720903545891,0.03617498334953922,-0.056552220686061236,-0.003472522728893203,-0.02277905439561364,-0.03626999935845415,-0.07865720532255643,0.11520718847329552,0.013253421443279845,0.20200562153671442,-0.19648153715847616,0.1312444710021896,-0.17739020966690708,-0.01268537950594225,-0.041106122430001196,-0.029784754597554003,-0.013722099556435021,0.08494025018879695,0.0016028042205637055,0.22763698389880518,-0.07853765344237465,0.022852372901202702,0.1876970849622917,-0.010255866918293584,-0.021770260553331103,0.1348146234716981
0.0,0.0,0.0,0.0,0.0,0.022987202893998804,0.0,0.0,0.0,0.0,0.0,0.04988659175396602,0.0,0.0,0.0,-0.021380932799462748,0.0,0.0,0.0,0.0,0.0,0.0,0.0,0.0,0.0,0.0,0.0,0.0,0.007957274753894279,0.0,0.0,0.0,0.0,0.0,0.0,0.0,0.0,0.14012617667892324,0.0,0.0
0.0,0.0,0.0,0.0,0.0,0.0,0.0,0.0,0.0,0.0,0.0,0.0037496073713313358,0.0,0.0,0.0,0.0,0.0,-0.09780132972250537,0.0,0.0,0.0,0.0,0.0,0.20394473785400674,0.007514991019159103,0.0,0.0,0.0,0.0,0.0,0.0,0.0,0.0,0.0,0.0,0.0,0.06969668279529742,0.14120875923305964,0.2005978149748604,0.0
0.0,0.0,0.0,0.0,0.0,0.0,0.0,0.0,0.0,0.0,0.0,0.07643222301973857,0.0,0.0,0.0,0.0,0.0,0.0,0.0,0.0,0.0,0.0,0.0,0.0,0.0604816062579174,0.0,0.0,0.0,0.0,0.0,0.0,0.0,0.0,0.0,0.0,0.0,0.027327502163802562,0.0,0.18647118860831738,0.0
0.0,0.0,0.0,0.0,0.0,-0.0006000184049815963,0.0,0.0,0.0,0.0,0.0,-0.032425986125920916,0.0,0.0,0.0,-0.009210920795180301,0.0,0.0,0.0,0.0,0.0,0.0,0.0,0.10240350396580207,0.0,0.0,0.0,0.0,0.003427999526075388,0.0,0.0,0.0,0.0,0.0,0.0,0.0,0.0,0.1269263322924906,0.0,0.0
0.0,0.0,0.0,0.0,0.0,0.00965044991824166,0.0,0.0,0.0,0.0,0.0,0.0,0.0,0.0,0.1020170856088882,0.0,0.0,0.0,0.0,0.07993333024517223,0.0,0.0,0.0,0.0,0.0,0.0,0.0,0.0,0.0,0.0,0.0,0.0,0.0,0.0,0.0,0.0,0.053884232535560045,0.0,0.0,0.0
0.0,0.0,0.0,0.0,0.0,0.014725675513416657,0.0,0.0,0.0,0.0,0.0,-0.058026043632036665,0.0,0.0,0.0,-0.019192551125130162,0.0,0.0,0.0,0.0,0.0,0.0,0.0,0.0,0.0,0.0,0.0,0.0,0.007142831604365781,0.0,0.0,0.0,0.0,0.0,0.0,0.0,0.0,0.14649362318113077,0.11401252167778675,0.0
0.0,0.0,0.0,0.0,0.0,0.016945607668544187,0.0,0.0,0.0,0.0,0.0,0.0,0.0,0.0,0.0,0.0,0.0,0.0,0.0,0.040490024483585504,0.0,0.0,0.0,0.0,0.0,0.0,0.0,0.0,0.0,0.0,0.0,0.0,0.0,0.0,0.0,0.0,0.03064714939349482,0.0,0.12744207378522737,0.0
0.0,0.0,0.0,0.0,0.0,0.011153816747751719,0.0,0.0,0.0,0.0,0.0,-0.03325899295533437,0.0,0.0,0.0,-0.03592781444818368,0.0,0.0,0.0,0.0,0.0,0.0,0.0,0.0,0.0,0.0,0.0,0.0,0.01337114210837021,0.0,0.0,0.0,0.0,0.0,0.0,0.0,0.012757698816867362,0.3031409021006285,0.20881950401498897,0.0
0.0,0.0,0.0,0.0,0.0,0.012205832540509822,0.0,0.0,0.0,0.0,0.0,0.0,0.0,0.0,0.0,-0.03931648659992856,0.0,0.0,0.0,0.0,0.0,0.0,0.0,0.0,0.005306809823873518,0.0,0.0,0.0,0.014632293603265779,0.0,0.0,0.0,0.0,0.0,0.0,0.0,0.02286059426675084,0.0,0.2680921034360421,0.0
0.0,0.0,0.0,0.0,0.0,0.0,0.0,0.0,0.0,0.0,0.0,0.0,0.0,0.0,0.0052594223078406815,0.0,0.0,0.0,0.0,0.09188893673672334,0.0,0.0,0.0,0.0,0.0,0.0,0.0,0.0,0.0,0.0,0.0,0.0,0.0,0.0,0.0,0.0,0.0,0.0,0.0,0.0
0.0,0.0,0.0,0.0,0.0,0.0043343728584922005,0.0,0.0,0.0,0.0,0.0,0.0,0.0,0.0,0.001156257045566899,-0.013961547632611121,0.0,-0.010455778193604224,0.0,0.0,0.0,0.0,0.0,0.02180339417474771,0.07746656890267095,0.0,0.0,0.0,0.005196025428088922,0.0,0.0,0.0,0.0,0.0,0.0,0.0,0.01894367945339499,0.0,0.0,0.0
0.0,0.0,0.0,0.0,0.0,0.014383200108944267,0.0,0.0,0.0,0.0,0.0,0.0,0.0,0.0,0.0,-0.053079418342584256,0.0,0.0,0.0,0.0,0.0,0.0,0.0,0.03034633251678603,0.025168663349913068,0.0,0.0,0.0,0.01975440077803582,0.0,0.0,0.0,0.0,0.0,0.0,0.0,0.0,0.0,0.038205257972506276,0.0
0.0,0.0,0.0,0.0,0.0,0.023967250741738066,0.0,0.0,0.0,0.0,0.0,0.0,0.0,0.0,0.0,0.0,0.0,0.0,0.0,0.07861790652843317,0.0,0.0,0.0,0.0,0.0,0.0,0.0,0.0,0.0,0.0,0.0,0.0,0.0,0.0,0.0,0.0,0.05496851445169317,0.0,0.0538262187751621,0.0
0.0,0.0,0.0,0.0,0.0,0.0,0.0,0.0,0.0,0.0,0.0,0.0,0.0,0.0,0.01910007609158215,0.0,0.0,0.0,0.0,0.0,0.0,0.0,0.0,0.0,0.013644764897192055,0.0,0.0,0.0,0.0,0.0,0.0,0.0,0.0,0.0,0.0,0.0,0.0,0.0,0.19201396188107372,0.0
0.0,0.0,0.0,0.0,0.0,-0.003846098139850487,0.0,0.0,0.0,0.0,0.0,0.031555202777335443,0.0,0.0,0.04616243589783351,0.0,0.0,-0.10773222596528359,0.0,0.0,0.0,0.0,0.0,0.2803556334146451,0.013403600998174323,0.0,0.0,0.0,0.0,0.0,0.0,0.0,0.0,0.0,0.0,0.0,0.01708499087091889,0.0,0.08662659233460183,0.0
0.0,0.0,0.0,0.0,0.0,0.0,0.0,0.0,0.0,0.0,0.0,0.06650258711070679,0.0,0.0,0.15056993564005391,0.0,0.0,-0.04694188959011592,0.0,0.0,0.0,0.0,0.0,0.09788774236496828,0.01097150527701169,0.0,0.0,0.0,0.0,0.0,0.0,0.0,0.0,0.0,0.0,0.0,0.012406901639598034,0.14977320815915926,0.10464448177468334,0.0
0.0,0.0,0.0,0.0,0.0,0.0,0.0,0.0,0.0,0.0,0.0,0.0,0.0,0.0,0.0,0.0,0.0,0.0,0.0,0.0,0.0,0.0,0.0,0.0,0.0184319238893489,0.0,0.0,0.0,0.0,0.0,0.0,0.0,0.0,0.0,0.0,0.0,0.03847981339227668,0.0,0.05168154607236648,0.0
0.0,0.0,0.0,0.0,0.0,0.0003102091037269883,0.0,0.0,0.0,0.0,0.0,0.0,0.0,0.0,0.0,0.0,0.0,-0.021135326598105204,0.0,0.0,0.0,0.0,0.0,0.04407341551223811,0.0,0.0,0.0,0.0,0.0,0.0,0.0,0.0,0.0,0.0,0.0,0.0,0.008431665994617027,0.0,0.13685015701101075,0.0
0.0,0.0,0.0,0.0,0.0,0.0033754555943455214,0.0,0.0,0.0,0.0,0.0,0.0,0.0,0.0,0.07992311514526654,0.0,0.0,0.0,0.0,0.04799976254328673,0.0,0.0,0.0,0.0,0.0,0.0,0.0,0.0,0.0,0.0,0.0,0.0,0.0,0.0,0.0,0.0,0.01638810604543785,0.0,0.08545601456582079,0.0
0.0,0.0,0.0,0.0,0.0,0.01618850405803042,0.0,0.0,0.0,0.0,0.0,-0.0038259654113718487,0.0,0.0,0.0,0.0,0.0,0.0,0.0,0.0,0.0,0.0,0.0,0.21697818401842084,0.0,0.0,0.0,0.0,0.0,0.0,0.0,0.0,0.0,0.0,0.0,0.0,0.032495525082718725,0.00965910305434131,0.17385077283096959,0.0
0.0,0.0,0.0,0.0,0.0,-0.005467644719766899,0.0,0.0,0.0,0.0,0.0,-0.0545815365981931,0.0,0.0,0.09039247949357453,0.0,0.0,-0.10046146813190675,0.0,0.0,0.0,0.0,0.0,0.2886783859523044,0.012237608459567204,0.0,0.0,0.0,0.0,0.0,0.0,0.0,0.0,0.0,0.0,0.0,0.019275312433230087,0.13779755700332158,0.0,0.0
0.0,0.0,0.0,0.0,0.0,0.0011800989897465459,0.0,0.0,0.0,0.0,0.0,0.026422261572131386,0.0,0.0,0.0,0.0,0.0,-0.06705669666633106,0.0,0.0,0.0,0.0,0.0,0.13983307243136123,0.0,0.0,0.0,0.0,0.0,0.0,0.0,0.0,0.0,0.0,0.0,0.0,0.038054134290040065,0.06032086837442322,0.042699530638689386,0.0
0.0,0.0,0.0,0.0,0.0,0.014615129677052098,0.0,0.0,0.0,0.0,0.0,0.0,0.0,0.0,0.033495520030764656,0.0,0.0,-0.17548091633522736,0.0,0.09713955218795783,0.0,0.0,0.0,0.36592968195741665,0.0,0.0,0.0,0.0,0.0,0.0,0.0,0.0,0.0,0.0,0.0,0.0,0.04481527764655479,0.0,0.16399322772229205,0.0
0.0,0.0,0.0,0.0,0.0,-0.018535529363339465,0.0,0.0,0.0,0.0,0.0,-0.10394736188844525,0.0,0.0,0.2008573368530744,0.0,0.0,-0.1338810624944799,0.0,0.1934728971160927,0.0,0.0,0.0,0.5476269011080597,0.0,0.0,0.0,0.0,0.0,0.0,0.0,0.0,0.0,0.0,0.0,0.0,0.006016082164705142,0.2624274327528205,0.1926384451141658,0.0
0.0,0.0,0.0,0.0,0.0,0.014625828720534851,0.0,0.0,0.0,0.0,0.0,0.0,0.0,0.0,0.0,-0.012999525400757196,0.0,0.0,0.0,0.0,0.0,0.0,0.0,0.0,0.0,0.0,0.0,0.0,0.004837992628958258,0.0,0.0,0.0,0.0,0.0,0.0,0.0,0.006283316826931646,0.0,0.08333006684653298,0.0
0.0,0.0,0.0,0.0,0.0,0.0,0.0,0.0,0.0,0.0,0.0,-0.036667291679659916,0.0,0.0,0.0997148220905784,0.0,0.0,-0.0026797152658017322,0.0,0.0,0.0,0.0,0.0,0.005587999968486668,0.0712499291793019,0.0,0.0,0.0,0.0,0.0,0.0,0.0,0.0,0.0,0.0,0.0,0.05656571745887638,0.09257092288516887,0.322633979467902,0.0
0.0,0.0,0.0,0.0,0.0,-0.018012297104995575,0.0,0.0,0.0,0.0,0.0,-0.021836303522870627,0.0,0.0,0.0,0.0,0.0,0.0,0.0,0.0,0.0,0.0,0.0,0.26086739859321517,0.023371991136353115,0.0,0.0,0.0,0.0,0.0,0.0,0.0,0.0,0.0,0.0,0.0,0.0,0.05597014483148033,0.059570266409831346,0.0
0.0,0.0,0.0,0.0,0.0,0.0063056381584266205,0.0,0.0,0.0,0.0,0.0,-0.1050860910374978,0.0,0.0,0.0,-0.00032515756510754465,0.0,0.0,0.0,0.0,0.0,0.0,0.0,0.0,0.0,0.0,0.0,0.0,0.00012101287198905626,0.0,0.0,0.0,0.0,0.0,0.0,0.0,0.0,0.4152908256274104,0.18671719161400396,0.0
0.0,0.0,0.0,0.0,0.0,0.005939129708788418,0.0,0.0,0.0,0.0,0.0,0.0,0.0,0.0,0.0,0.0,0.0,0.0,0.0,0.0,0.0,0.0,0.0,0.0,0.0,0.0,0.0,0.0,0.0,0.0,0.0,0.0,0.0,0.0,0.0,0.0,0.07945582231376855,0.0,0.30558673496076516,0.0
0.0,0.0,0.0,0.0,0.0,-0.001359607710533263,0.0,0.0,0.0,0.0,0.0,0.026495590126340236,0.0,0.0,0.0,-0.022786593265083206,0.0,0.0,0.0,0.0,0.0,0.0,0.0,0.12214340297868823,0.017164011637656653,0.0,0.0,0.0,0.00848041500416016,0.0,0.0,0.0,0.0,0.0,0.0,0.0,0.017906748684116743,0.0,0.11730647468863654,0.0
0.0,0.0,0.0,0.0,0.0,0.0,0.0,0.0,0.0,0.0,0.0,0.13565257744258283,0.0,0.0,0.009547538436738934,0.0,0.0,-0.1171264289939804,0.0,0.0,0.0,0.0,0.0,0.2442432932632866,0.002686998779204315,0.0,0.0,0.0,0.0,0.0,0.0,0.0,0.0,0.0,0.0,0.0,0.05707354594762254,0.0,0.18483508725165163,0.0
0.0,0.0,0.0,0.0,0.0,-0.015728933232162637,0.0,0.0,0.0,0.0,0.0,0.08592255500978434,0.0,0.0,0.03885192953069145,0.0,0.0,-0.2327494935548906,0.0,0.09943564715769933,0.0,0.0,0.0,0.7839751587495685,0.0,0.0,0.0,0.0,0.0,0.0,0.0,0.0,0.0,0.0,0.0,0.0,0.15069033580051866,0.0,0.09176255333739447,0.0
0.0,0.0,0.0,0.0,0.0,0.0,0.0,0.0,0.0,0.0,0.0,0.15655413732859172,0.0,0.0,0.1134195435426461,0.0,0.0,-0.05059929150124287,0.0,0.03350509551142977,0.0,0.0,0.0,0.10551450854604082,0.01353463014488768,0.0,0.0,0.0,0.0,0.0,0.0,0.0,0.0,0.0,0.0,0.0,0.02431597985328725,0.0,0.09807594497079118,0.0
0.0,0.0,0.0,0.0,0.0,0.02711544007514041,0.0,0.0,0.0,0.0,0.0,0.154058420713846,0.0,0.0,0.0,-0.08734216472552843,0.0,0.0,0.0,0.0,0.0,0.0,0.0,0.0,0.024985453787853287,0.0,0.0,0.0,0.03250585972275197,0.0,0.0,0.0,0.0,0.0,0.0,0.0,0.0,0.0,0.0,0.0
0.0,0.0,0.0,0.0,0.0,-0.02263211054977282,0.0,0.0,0.0,0.0,0.0,-0.06858548336307321,0.0,0.0,0.050854493344838735,0.0,0.0,-0.027314712875586285,0.0,0.0,0.0,0.0,0.0,0.38473421717777234,0.0,0.0,0.0,0.0,0.0,0.0,0.0,0.0,0.0,0.0,0.0,0.0,0.008290964843354837,0.17315218006589272,0.08555923401140919,0.0
0.0,0.0,0.0,0.0,0.0,-0.02567613893384611,0.0,0.0,0.0,0.0,0.0,0.034741142639359714,0.0,0.0,0.01844889080867523,0.0,0.0,-0.11548677143891474,0.0,0.0,0.0,0.0,0.0,0.6126849415422859,0.06325084745384148,0.0,0.0,0.0,0.0,0.0,0.0,0.0,0.0,0.0,0.0,0.0,0.0,0.0,0.0,0.0
0.0,0.0,0.0,0.0,0.0,0.008170467949099407,0.0,0.0,0.0,0.0,0.0,0.041586098486114276,0.0,0.0,0.0,-0.07248633535559945,0.0,0.0,0.0,0.0,0.0,0.0,0.0,0.20758064741267596,0.012774779102829169,0.0,0.0,0.0,0.026977012263090745,0.0,0.0,0.0,0.0,0.0,0.0,0.0,0.0,0.0,0.2145598084653758,0.0
0.0,0.0,0.0,0.0,0.0,0.019386315888521865,0.0,0.0,0.0,0.0,0.0,0.0,0.0,0.0,0.0,0.0,0.0,-0.04958502610890347,0.0,0.02799241005629861,0.0,0.0,0.0,0.1033994648125664,0.0,0.0,0.0,0.0,0.0,0.0,0.0,0.0,0.0,0.0,0.0,0.0,0.012787224114428546,0.0,0.0,0.0
0.0,0.0,0.0,0.0,0.0,0.004345149367289509,0.0,0.0,0.0,0.0,0.0,-0.1552218898792781,0.0,0.0,0.004299464710643656,-0.013996260091783176,0.0,-0.009290308992105924,0.0,0.0,0.0,0.0,0.0,0.019373045717820815,0.0,0.0,0.0,0.0,0.005208944255232999,0.0,0.0,0.0,0.0,0.0,0.0,0.0,0.011536717591577652,0.3918760546494253,0.07471542308219617,0.0
0.0,0.0,0.0,0.0,0.0,0.0,0.0,0.0,0.0,0.0,0.0,0.0,0.0,0.0,0.0,0.0,0.0,0.0,0.0,0.054423139316101446,0.0,0.0,0.0,0.0,0.020603953203161676,0.0,0.0,0.0,0.0,0.0,0.0,0.0,0.0,0.0,0.0,0.0,0.0,0.0,0.09722386573267415,0.0
0.0,0.0,0.0,0.0,0.0,0.04483194739455484,0.0,0.0,0.0,0.0,0.0,0.13900066893475527,0.0,0.0,0.0,-0.12283423084811929,0.0,0.0,0.0,0.0,0.0,0.0,0.0,0.0,0.0,0.0,0.0,0.0,0.04571483074238565,0.0,0.0,0.0,0.0,0.0,0.0,0.0,0.030357576492775994,0.035823416391441446,0.15191504271318834,0.0
0.0,0.0,0.0,0.0,0.0,0.014328074767668052,0.0,0.0,0.0,0.0,0.0,-0.0019470323438075463,0.0,0.0,0.16221255594507938,-0.04615248961807123,0.0,-0.039242572834626316,0.0,0.0,0.0,0.0,0.0,0.08183238665755034,0.0,0.0,0.0,0.0,0.017176427423057708,0.0,0.0,0.0,0.0,0.0,0.0,0.0,0.0,0.14120653775584247,0.15510520255840038,0.0
0.0,0.0,0.0,0.0,0.0,0.01213560684888882,0.0,0.0,0.0,0.0,0.0,0.045044811935165456,0.0,0.0,0.0,-0.06651954434837429,0.0,0.0,0.0,0.0,0.0,0.0,0.0,0.162907096118595,0.0,0.0,0.0,0.0,0.024756370353363158,0.0,0.0,0.0,0.0,0.0,0.0,0.0,0.0,0.004010858453110321,0.0,0.0
0.0,0.0,0.0,0.0,0.0,0.0,0.0,0.0,0.0,0.0,0.0,-0.021571974608811766,0.0,0.0,0.0,0.0,0.0,0.0,0.0,0.0,0.0,0.0,0.0,0.0,0.0,0.0,0.0,0.0,0.0,0.0,0.0,0.0,0.0,0.0,0.0,0.0,0.00640720686457174,0.05446100615881801,0.0,0.0
0.0,0.0,0.0,0.0,0.0,0.0,0.0,0.0,0.0,0.0,0.0,0.0,0.0,0.0,0.0,0.0,0.0,0.0,0.0,0.15741284839235412,0.0,0.0,0.0,0.0,0.05111002239729417,0.0,0.0,0.0,0.0,0.0,0.0,0.0,0.0,0.0,0.0,0.0,0.02754938098898928,0.0,0.0,0.0
0.0,0.0,0.0,0.0,0.0,-0.025230667111229944,0.0,0.0,0.0,0.0,0.0,0.09071423430509232,0.0,0.0,0.0,-0.008754547553350492,0.0,-0.14054611038730683,0.0,0.0,0.0,0.0,0.0,0.6978514292159874,0.0,0.0,0.0,0.0,0.003258152526899726,0.0,0.0,0.0,0.0,0.0,0.0,0.0,0.037312622748680156,0.0,0.0,0.0
0.0,0.0,0.0,0.0,0.0,0.0,0.0,0.0,0.0,0.0,0.0,-0.20236778232664113,0.0,0.0,0.21600931148435298,0.0,0.0,-0.15461515182564886,0.0,0.08135476676304532,0.0,0.0,0.0,0.3224183832347554,0.0,0.0,0.0,0.0,0.0,0.0,0.0,0.0,0.0,0.0,0.0,0.0,0.0,0.5109014468770792,0.0,0.0
0.0,0.0,0.0,0.0,0.0,0.01399234440536325,0.0,0.0,0.0,0.0,0.0,-0.08440747387389143,0.0,0.0,0.0,-0.045071060862848074,0.0,0.0,0.0,0.0,0.0,0.0,0.0,0.0,0.003801733059491512,0.0,0.0,0.0,0.016773955472334925,0.0,0.0,0.0,0.0,0.0,0.0,0.0,0.0,0.3683476009994294,0.07537782978164786,0.0
0.0,0.0,0.0,0.0,0.0,-0.0011155708760644222,0.0,0.0,0.0,0.0,0.0,-0.18747029811978336,0.0,0.0,0.1394840234271046,-0.07462336179767459,0.0,0.0,0.0,0.0,0.0,0.0,0.0,0.35167637388549383,0.0,0.0,0.0,0.0,0.027772342696773058,0.0,0.0,0.0,0.0,0.0,0.0,0.0,0.0,0.47329098265888186,0.0,0.0
0.0,0.0,0.0,0.0,0.0,0.014334642358961256,0.0,0.0,0.0,0.0,0.0,0.0,0.0,0.0,0.0,0.0,0.0,0.0,0.0,0.0,0.0,0.0,0.0,0.0,0.0,0.0,0.0,0.0,0.0,0.0,0.0,0.0,0.0,0.0,0.0,0.0,0.0,0.0,0.14773338224551533,0.0
0.0,0.0,0.0,0.0,0.0,0.0,0.0,0.0,0.0,0.0,0.0,0.02702342152371312,0.0,0.0,0.0,0.0,0.0,-0.05715511491619098,0.0,0.0,0.0,0.0,0.0,0.11918534197511928,0.023050130397420886,0.0,0.0,0.0,0.0,0.0,0.0,0.0,0.0,0.0,0.0,0.0,0.0,0.45466191264183137,0.2060831086434761,0.0
0.0,0.0,0.0,0.0,0.0,-0.01314167156684688,0.0,0.0,0.0,0.0,0.0,0.0,0.0,0.0,0.0,0.0,0.0,-0.018445733768858972,0.0,0.12389943455176139,0.0,0.0,0.0,0.22879221783131254,0.0,0.0,0.0,0.0,0.0,0.0,0.0,0.0,0.0,0.0,0.0,0.0,0.05352996392241243,0.0,0.23779997744224982,0.0
0.0,0.0,0.0,0.0,0.0,0.026464991681220608,0.0,0.0,0.0,0.0,0.0,-0.0986767144570625,0.0,0.0,0.0,0.0,0.0,-0.10725313102223283,0.0,0.0,0.0,0.0,0.0,0.22365454286167322,0.0,0.0,0.0,0.0,0.0,0.0,0.0,0.0,0.0,0.0,0.0,0.0,0.06801640608059133,0.38407430167381507,0.12062465989237416,0.0
0.0,0.0,0.0,0.0,0.0,0.015366826872754112,0.0,0.0,0.0,0.0,0.0,0.1371173552467427,0.0,0.0,0.0,-0.04475289793526435,0.0,0.0,0.0,0.0,0.0,0.0,0.0,0.16070843089853754,0.0,0.0,0.0,0.0,0.01665554577267249,0.0,0.0,0.0,0.0,0.0,0.0,0.0,0.0,0.0,0.17700086330414982,0.0
0.0,0.0,0.0,0.0,0.0,0.0,0.0,0.0,0.0,0.0,0.0,-0.1388324562245057,0.0,0.0,0.0,0.0,0.0,0.0,0.0,0.0,0.0,0.0,0.0,0.0,0.0,0.0,0.0,0.0,0.0,0.0,0.0,0.0,0.0,0.0,0.0,0.0,0.0,0.35049898725534945,0.11556632182109708,0.0
0.0,0.0,0.0,0.0,0.0,0.027960255283465175,0.0,0.0,0.0,0.0,0.0,0.0,0.0,0.0,0.0,-0.09006341833172685,0.0,0.0,0.0,0.0,0.0,0.0,0.0,0.0,0.04231684626594008,0.0,0.0,0.0,0.033518620149186246,0.0,0.0,0.0,0.0,0.0,0.0,0.0,0.0,0.0,0.0,0.0
0.0,0.0,0.0,0.0,0.0,-0.02451964828791314,0.0,0.0,0.0,0.0,0.0,-0.058904723230842976,0.0,0.0,0.07002341169705407,0.0,0.0,-0.1656585156851928,0.0,0.0,0.0,0.0,0.0,0.7005587352026155,0.05946289222087547,0.0,0.0,0.0,0.0,0.0,0.0,0.0,0.0,0.0,0.0,0.0,0.022703422092396255,0.14871195395103026,0.0,0.0
0.0,0.0,0.0,0.0,0.0,-0.03249275142808225,0.0,0.0,0.0,0.0,0.0,0.0,0.0,0.0,0.11130382736661681,0.0,0.0,-0.2042217133107109,0.0,0.04757681052281656,0.0,0.0,0.0,0.8964467955086949,0.03591545801633699,0.0,0.0,0.0,0.0,0.0,0.0,0.0,0.0,0.0,0.0,0.0,0.02578256071330272,0.0,0.0,0.0
0.0,0.0,0.0,0.0,0.0,0.006840554461414,0.0,0.0,0.0,0.0,0.0,0.0,0.0,0.0,0.0,-0.022034266562781433,0.0,0.0,0.0,0.0,0.0,0.0,0.0,0.0,0.00324987731917227,0.0,0.0,0.0,0.008200423933094409,0.0,0.0,0.0,0.0,0.0,0.0,0.0,0.0,0.0,0.08194333633883864,0.0
0.0,0.0,0.0,0.0,0.0,0.02487736138384626,0.0,0.0,0.0,0.0,0.0,-0.06688363783935859,0.0,0.0,0.0,-0.08013303822114524,0.0,0.0,0.0,0.0,0.0,0.0,0.0,0.0,0.0269504696893157,0.0,0.0,0.0,0.02982286170442417,0.0,0.0,0.0,0.0,0.0,0.0,0.0,0.002048390568172295,0.16885566937416777,0.0,0.0
0.0,0.0,0.0,0.0,0.0,0.008266330919315577,0.0,0.0,0.0,0.0,0.0,0.0,0.0,0.0,0.0,-0.040958495012601855,0.0,0.0,0.0,0.0,0.0,0.0,0.0,0.07767782168686088,0.0,0.0,0.0,0.0,0.01524339472829132,0.0,0.0,0.0,0.0,0.0,0.0,0.0,0.024945738522966013,0.0,0.2736395128439146,0.0
0.0,0.0,0.0,0.0,0.0,0.0,0.0,0.0,0.0,0.0,0.0,0.0,0.0,0.0,0.03894612783131254,0.0,0.0,-0.1917937280187121,0.0,0.16838371012732598,0.0,0.0,0.0,0.3999467256099889,0.0,0.0,0.0,0.0,0.0,0.0,0.0,0.0,0.0,0.0,0.0,0.0,0.07460644841803576,0.0,0.03998533233740926,0.0
0.0,0.0,0.0,0.0,0.0,-0.009075586213075271,0.0,0.0,0.0,0.0,0.0,0.12162657757919255,0.0,0.0,0.0,0.0,0.0,0.0,0.0,0.0,0.0,0.0,0.0,0.1314393468147258,0.05073852840803329,0.0,0.0,0.0,0.0,0.0,0.0,0.0,0.0,0.0,0.0,0.0,0.0,0.0,0.2723001088880378,0.0
0.0,0.0,0.0,0.0,0.0,0.00670974784042907,0.0,0.0,0.0,0.0,0.0,0.0,0.0,0.0,0.2436416498097592,-0.021612922361632734,0.0,0.0,0.0,0.06763527549590649,0.0,0.0,0.0,0.0,0.005342568894050129,0.0,0.0,0.0,0.008043613582210908,0.0,0.0,0.0,0.0,0.0,0.0,0.0,0.05796254744892009,0.0,0.0,0.0
0.0,0.0,0.0,0.0,0.0,0.0010632911391637873,0.0,0.0,0.0,0.0,0.0,-0.16888281189121016,0.0,0.0,0.0961468083058336,0.0,0.0,-0.15646369582055367,0.0,0.0,0.0,0.0,0.0,0.4337679318227551,0.0,0.0,0.0,0.0,0.0,0.0,0.0,0.0,0.0,0.0,0.0,0.0,0.0,0.42636467107506576,0.0,0.0
0.0,0.0,0.0,0.0,0.0,-0.005989857476438735,0.0,0.0,0.0,0.0,0.0,0.009066566893672835,0.0,0.0,0.0,-0.003215667279248778,0.0,0.0,0.0,0.0,0.0,0.0,0.0,0.1012077524042522,0.018994832611872896,0.0,0.0,0.0,0.0011967648136817102,0.0,0.0,0.0,0.0,0.0,0.0,0.0,0.0,0.0,0.05089800487340906,0.0
0.0,0.0,0.0,0.0,0.0,0.00797042275731291,0.0,0.0,0.0,0.0,0.0,-0.0780263854345424,0.0,0.0,0.0,-0.02567371119451469,0.0,0.0,0.0,0.0,0.0,0.0,0.0,0.0,0.018378275473771286,0.0,0.0,0.0,0.00955490463596696,0.0,0.0,0.0,0.0,0.0,0.0,0.0,0.007984531959510276,0.19698685608340738,0.20906686078993889,0.0
0.0,0.0,0.0,0.0,0.0,0.011282503657452677,0.0,0.0,0.0,0.0,0.0,0.0,0.0,0.0,0.0,-0.03634233079879327,0.0,0.0,0.0,0.0,0.0,0.0,0.0,0.0,0.033374690783362373,0.0,0.0,0.0,0.013525411359516489,0.0,0.0,0.0,0.0,0.0,0.0,0.0,0.0,0.0,0.14193774477615204,0.0
0.0,0.0,0.0,0.0,0.0,-0.01859527582758064,0.0,0.0,0.0,0.0,0.0,-0.023824199043727314,0.0,0.0,0.0,0.0,0.0,-0.24895957374910663,0.0,0.0,0.0,0.0,0.0,0.7884649718126873,0.0,0.0,0.0,0.0,0.0,0.0,0.0,0.0,0.0,0.0,0.0,0.0,0.0,0.060147013631257386,0.0,0.0
0.0,0.0,0.0,0.0,0.0,0.0,0.0,0.0,0.0,0.0,0.0,0.0,0.0,0.0,0.0188922187860263,0.0,0.0,0.0,0.0,0.0,0.0,0.0,0.0,0.0,0.014580918710422145,0.0,0.0,0.0,0.0,0.0,0.0,0.0,0.0,0.0,0.0,0.0,0.044819708818455754,0.0,0.023604001762552215,0.0
0.0,0.0,0.0,0.0,0.0,0.015027842066559013,0.0,0.0,0.0,0.0,0.0,-0.09421965785378372,0.0,0.0,0.0,0.0,0.0,0.0,0.0,0.0,0.0,0.0,0.0,0.0,0.0,0.0,0.0,0.0,0.0,0.0,0.0,0.0,0.0,0.0,0.0,0.0,0.04147931362952553,0.23786869119346163,0.20437902710762257,0.0
0.0,0.0,0.0,0.0,0.0,0.008487607817819261,0.0,0.0,0.0,0.0,0.0,0.09401723621607264,0.0,0.0,0.0,-0.02733962783179406,0.0,0.0,0.0,0.0,0.0,0.0,0.0,0.0,0.023598312637884648,0.0,0.0,0.0,0.01017490361001774,0.0,0.0,0.0,0.0,0.0,0.0,0.0,0.0,0.15278408285256298,0.0,0.0
0.0,0.0,0.0,0.0,0.0,-0.012913928482607919,0.0,0.0,0.0,0.0,0.0,-0.004931137630227484,0.0,0.0,0.0,-0.009931529683691228,0.0,0.0,0.0,0.0,0.0,0.0,0.0,0.231682972813576,0.035842096001959256,0.0,0.0,0.0,0.0036961862777836153,0.0,0.0,0.0,0.0,0.0,0.0,0.0,0.015430277926211447,0.012449241282719592,0.5076289966141873,0.0
0.0,0.0,0.0,0.0,0.0,0.05562944318793956,0.0,0.0,0.0,0.0,0.0,0.0,0.0,0.0,0.0,-0.038674004727839224,0.0,0.0,0.0,0.05383043987998645,0.0,0.0,0.0,0.0,0.0,0.0,0.0,0.0,0.01439318313841554,0.0,0.0,0.0,0.0,0.0,0.0,0.0,0.05404387925800048,0.0,0.32216450649094214,0.0
0.0,0.0,0.0,0.0,0.0,0.0,0.0,0.0,0.0,0.0,0.0,0.0,0.0,0.0,0.0,0.0,0.0,0.0,0.0,0.0,0.0,0.0,0.0,0.0,0.0,0.0,0.0,0.0,0.0,0.0,0.0,0.0,0.0,0.0,0.0,0.0,0.0,0.0,0.016249078755668226,0.0
0.0,0.0,0.0,0.0,0.0,0.011154771996655665,0.0,0.0,0.0,0.0,0.0,0.0,0.0,0.0,0.01137038051294444,-0.02603729667201016,0.0,0.0,0.0,0.08540554985587742,0.0,0.0,0.0,0.0,0.0,0.0,0.0,0.0,0.00969021910367952,0.0,0.0,0.0,0.0,0.0,0.0,0.0,0.0,0.0,0.0,0.0
0.0,0.0,0.0,0.0,0.0,0.0,0.0,0.0,0.0,0.0,0.0,0.0,0.0,0.0,0.20097189284880443,0.0,0.0,-0.16735976456079257,0.0,0.09254885355290686,0.0,0.0,0.0,0.3489946753025064,0.009518645383836562,0.0,0.0,0.0,0.0,0.0,0.0,0.0,0.0,0.0,0.0,0.0,0.002063355858559377,0.0,0.0,0.0
0.0,0.0,0.0,0.0,0.0,0.0,0.0,0.0,0.0,0.0,0.0,-0.04829120127437163,0.0,0.0,0.0,0.0,0.0,0.0,0.0,0.0,0.0,0.0,0.0,0.0,0.008606330217214521,0.0,0.0,0.0,0.0,0.0,0.0,0.0,0.0,0.0,0.0,0.0,0.08227563520616953,0.1219168600794649,0.5433441836717753,0.0
0.0,0.0,0.0,0.0,0.0,-0.0033633022725762236,0.0,0.0,0.0,0.0,0.0,0.13094221117996127,0.0,0.0,0.0,-0.010943228667725046,0.0,0.0,0.0,0.0,0.0,0.0,0.0,0.09791252351170979,0.0,0.0,0.0,0.0,0.004072707118090222,0.0,0.0,0.0,0.0,0.0,0.0,0.0,0.07383712844336003,0.060639938804034975,0.586942428126906,0.0
0.0,0.0,0.0,0.0,0.0,0.0,0.0,0.0,0.0,0.0,0.0,0.0,0.0,0.0,0.09725881991439862,0.0,0.0,-0.036506427218690136,0.0,0.17894997422194192,0.0,0.0,0.0,0.07612671269630884,0.0,0.0,0.0,0.0,0.0,0.0,0.0,0.0,0.0,0.0,0.0,0.0,0.0,0.0,0.0,0.0
0.0,0.0,0.0,0.0,0.0,-0.020885943245263598,0.0,0.0,0.0,0.0,0.0,0.20736858881385892,0.0,0.0,0.0,-0.02268067870828108,0.0,0.0,0.0,0.0,0.0,0.0,0.0,0.40446201444851637,0.03166277164589459,0.0,0.0,0.0,0.008440997115482607,0.0,0.0,0.0,0.0,0.0,0.0,0.0,0.05060050591491297,0.0726784859481147,0.026727989189059248,0.0
0.0,0.0,0.0,0.0,0.0,-0.0061623442148283445,0.0,0.0,0.0,0.0,0.0,-0.07572876947787704,0.0,0.0,0.0,0.0,0.0,0.0,0.0,0.12839973874811647,0.0,0.0,0.0,0.08924762317585667,0.0,0.0,0.0,0.0,0.0,0.0,0.0,0.0,0.0,0.0,0.0,0.0,0.05502642612943157,0.1911862523354576,0.3394076598073229,0.0
0.0,0.0,0.0,0.0,0.0,0.0040445125778653685,0.0,0.0,0.0,0.0,0.0,0.0,0.0,0.0,0.0,-0.009133830199480655,0.0,0.0,0.0,0.13368366912981713,0.0,0.0,0.0,0.0,0.0,0.0,0.0,0.0,0.003399308960669426,0.0,0.0,0.0,0.0,0.0,0.0,0.0,0.0,0.0,0.0,0.0
0.0,0.0,0.0,0.0,0.0,0.01975143945703756,0.0,0.0,0.0,0.0,0.0,-0.08593047098402716,0.0,0.0,0.0,0.0,0.0,-0.11133166214686185,0.0,0.0,0.0,0.0,0.0,0.232159488176854,0.0,0.0,0.0,0.0,0.0,0.0,0.0,0.0,0.0,0.0,0.0,0.0,0.0,0.21694165667984774,0.011953395404089854,0.0
0.0,0.0,0.0,0.0,0.0,0.0,0.0,0.0,0.0,0.0,0.0,-0.01229889640891424,0.0,0.0,0.054829528283416945,0.0,0.0,-0.0745997041371577,0.0,0.0,0.0,0.0,0.0,0.15556247698683487,0.0,0.0,0.0,0.0,0.0,0.0,0.0,0.0,0.0,0.0,0.0,0.0,0.008965976636423723,0.3117327347292044,0.13854743428415597,0.0
0.0,0.0,0.0,0.0,0.0,-0.017520304669233093,0.0,0.0,0.0,0.0,0.0,0.0,0.0,0.0,0.0,-0.0493691659269782,0.0,0.0,0.0,0.0,0.0,0.0,0.0,0.4757145148526038,0.0,0.0,0.0,0.0,0.01837356776414509,0.0,0.0,0.0,0.0,0.0,0.0,0.0,0.0,0.0,0.01896626087879537,0.0
0.0,0.0,0.0,0.0,0.0,0.010431385062933837,0.0,0.0,0.0,0.0,0.0,0.0015241020690182627,0.0,0.0,0.07085046132039294,-0.057722601950740825,0.0,0.0,0.0,0.0,0.0,0.0,0.0,0.10845601449394017,0.030198432270793638,0.0,0.0,0.0,0.021482439870128586,0.0,0.0,0.0,0.0,0.0,0.0,0.0,0.0,0.09816373513728999,0.062060518315475745,0.0
0.0,0.0,0.0,0.0,0.0,0.0,0.0,0.0,0.0,0.0,0.0,0.0,0.0,0.0,0.152858684098159,0.0,0.0,0.0,0.0,0.13424014743746387,0.0,0.0,0.0,0.0,0.0,0.0,0.0,0.0,0.0,0.0,0.0,0.0,0.0,0.0,0.0,0.0,0.0667624414021079,0.0,0.1531769776357209,0.0
0.0,0.0,0.0,0.0,0.0,0.03475527699972817,0.0,0.0,0.0,0.0,0.0,0.00687416235554842,0.0,0.0,0.0,-0.1119510183268124,0.0,0.0,0.0,0.0,0.0,0.0,0.0,0.0,0.05541985701971811,0.0,0.0,0.0,0.04166445964542222,0.0,0.0,0.0,0.0,0.0,0.0,0.0,0.0,0.0,0.025024434916413443,0.0
0.0,0.0,0.0,0.0,0.0,0.0,0.0,0.0,0.0,0.0,0.0,0.0,0.0,0.0,0.0,0.0,0.0,0.0,0.0,0.031421721340297554,0.0,0.0,0.0,0.0,0.0,0.0,0.0,0.0,0.0,0.0,0.0,0.0,0.0,0.0,0.0,0.0,0.0325742158086727,0.0,0.0,0.0
0.0,0.0,0.0,0.0,0.0,0.0,0.0,0.0,0.0,0.0,0.0,-0.07715832047351619,0.0,0.0,0.0,0.0,0.0,0.0,0.0,0.0,0.0,0.0,0.0,0.0,0.0,0.0,0.0,0.0,0.0,0.0,0.0,0.0,0.0,0.0,0.0,0.0,0.0,0.19479532322440837,0.15186730901718304,0.0
0.0,0.0,0.0,0.0,0.0,-0.005273876696864644,0.0,0.0,0.0,0.0,0.0,0.0,0.0,0.0,0.051661868547581924,0.0,0.0,0.0,0.0,0.15506925707626062,0.0,0.0,0.0,0.07638017996221566,0.0,0.0,0.0,0.0,0.0,0.0,0.0,0.0,0.0,0.0,0.0,0.0,0.0329678383389749,0.0,0.15284366577075734,0.0
0.0,0.0,0.0,0.0,0.0,0.00542392127855868,0.0,0.0,0.0,0.0,0.0,0.0,0.0,0.0,0.051077601846572826,-0.017471116989338332,0.0,0.0,0.0,0.0,0.0,0.0,0.0,0.0,0.0,0.0,0.0,0.0,0.006502170856880885,0.0,0.0,0.0,0.0,0.0,0.0,0.0,0.0,0.0,0.0,0.0
0.0,0.0,0.0,0.0,0.0,-0.01932376297177683,0.0,0.0,0.0,0.0,0.0,0.0,0.0,0.0,0.05436989045038775,0.0,0.0,-0.0215067251505095,0.0,0.15598669991840558,0.0,0.0,0.0,0.3247089079991794,0.008923077116362352,0.0,0.0,0.0,0.0,0.0,0.0,0.0,0.0,0.0,0.0,0.0,0.03442100505724549,0.0,0.0,0.0
0.0,0.0,0.0,0.0,0.0,0.0,0.0,0.0,0.0,0.0,0.0,0.0,0.0,0.0,0.0,0.0,0.0,0.0,0.0,0.0,0.0,0.0,0.0,0.0,0.0,0.0,0.0,0.0,0.0,0.0,0.0,0.0,0.0,0.0,0.0,0.0,0.0,0.0,0.35191592611842143,0.0
0.0,0.0,0.0,0.0,0.0,0.00490998745085629,0.0,0.0,0.0,0.0,0.0,0.0,0.0,0.0,0.0,-0.015815672972467765,0.0,0.0,0.0,0.1033543097948615,0.0,0.0,0.0,0.0,0.013497772036078326,0.0,0.0,0.0,0.00588606944514732,0.0,0.0,0.0,0.0,0.0,0.0,0.0,0.006926266082253995,0.0,0.07825441587961814,0.0
0.0,0.0,0.0,0.0,0.0,0.0012923216811718378,0.0,0.0,0.0,0.0,0.0,0.16610864185458493,0.0,0.0,0.0,-0.0041627269497560605,0.0,0.0,0.0,0.0,0.0,0.0,0.0,0.0,0.029054439108869425,0.0,0.0,0.0,0.0015492290432474287,0.0,0.0,0.0,0.0,0.0,0.0,0.0,0.05001587905388628,0.0,0.0283704658935594,0.0
0.0,0.0,0.0,0.0,0.0,0.02348879189066915,0.0,0.0,0.0,0.0,0.0,-0.09912214052506409,0.0,0.0,0.0,0.0,0.0,-0.1060793509889599,0.0,0.035931185452539476,0.0,0.0,0.0,0.22120686385911434,0.0,0.0,0.0,0.0,0.0,0.0,0.0,0.0,0.0,0.0,0.0,0.0,0.04676205018049761,0.25024558963673327,0.18412217088296975,0.0
0.0,0.0,0.0,0.0,0.0,-0.011475093976816939,0.0,0.0,0.0,0.0,0.0,-0.02723405678833045,0.0,0.0,0.0,0.0,0.0,0.0,0.0,0.0,0.0,0.0,0.0,0.16619079159618616,0.0,0.0,0.0,0.0,0.0,0.0,0.0,0.0,0.0,0.0,0.0,0.0,0.025588076620573486,0.06875560357247062,0.10723412920731296,0.0
0.0,0.0,0.0,0.0,0.0,0.014754966156607527,0.0,0.0,0.0,0.0,0.0,0.0,0.0,0.0,0.04922335356179515,-0.05295227881645743,0.0,0.0,0.0,0.13231547974195837,0.0,0.0,0.0,0.024390500033729206,0.0,0.0,0.0,0.0,0.019707083659042002,0.0,0.0,0.0,0.0,0.0,0.0,0.0,0.0,0.0,0.0,0.0
0.0,0.0,0.0,0.0
0.0,0.0,0.0,0.0
0.0,0.0,0.0,0.0
0.0,0.0,0.0,0.0
0.0,0.0,0.0,0.0
0.0,-0.11038043213828451,0.11038043213828451,0.0
0.0,0.0,0.0,0.0
0.0,0.0,0.0,0.0
0.0,0.0,0.0,0.0
0.0,0.0,0.0,0.0
0.0,0.0,0.0,0.0
0.0,0.061702494334506176,-0.1617347698591023,0.10003227552459612
0.0,0.0,0.0,0.0
0.0,0.0,0.0,0.0
0.0,0.027734691947891008,-0.027734691947891008,0.0
0.0,-0.03241459619036538,0.03241459619036538,0.0
0.0,0.0,0.0,0.0
0.0,0.3956427427553141,-0.3956427427553141,0.0
0.0,0.0,0.0,0.0
0.0,0.043924427006707456,-0.043924427006707456,0.0
0.0,0.0,0.0,0.0
0.0,0.0,0.0,0.0
0.0,0.0,0.0,0.0
0.0,0.21661244822700193,-0.21661244822700193,0.0
0.0,0.07116836615415356,-0.07116836615415356,0.0
0.0,0.0,0.0,0.0
0.0,0.0,0.0,0.0
0.0,0.0,0.0,0.0
0.0,-0.0012526010803664,0.0012526010803664,0.0
0.0,0.0,0.0,0.0
0.0,0.0,0.0,0.0
0.0,0.0,0.0,0.0
0.0,0.0,0.0,0.0
0.0,0.0,0.0,0.0
0.0,0.0,0.0,0.0
0.0,0.0,0.0,0.0
0.0,0.38635963040255805,-0.38635963040255805,0.0
0.0,0.0,-1.0641791335998063,1.0641791335998063
0.0,0.022009061499040555,-0.022009061499040555,0.0
0.0,0.0,0.0,0.0
